TTD,TTO
0.3050975857738083,0.011653564079175558
