TTD,TTO
0.33560734435118913,0.0128189204870931138
