TTD,TTO
0.3330739094302787,0.006157574942084106
