TTD,TTO
0.4782279260826455,0.018322094329423402
